time,count,id,x
2020-09-03 14:32:00+00:00,4.714285714285714,1301528522582786049,1.0
2020-09-03 14:33:00+00:00,52.22222222222222,1301528522582786049,2.0
2020-09-03 14:34:00+00:00,213.12334801762114,1301528522582786049,3.0
2020-09-03 14:35:00+00:00,428.9301075268817,1301528522582786049,4.0
2020-09-03 14:36:00+00:00,599.92700729927,1301528522582786049,5.0
2020-09-03 14:37:00+00:00,741.3700787401575,1301528522582786049,6.0
2020-09-03 14:38:00+00:00,881.2325581395348,1301528522582786049,7.0
2020-09-03 14:39:00+00:00,1022.6492537313433,1301528522582786049,8.0
2020-09-03 14:40:00+00:00,1154.9272727272728,1301528522582786049,9.0
2020-09-03 14:41:00+00:00,1262.4747474747476,1301528522582786049,10.0
2020-09-03 14:42:00+00:00,1358.7051282051282,1301528522582786049,11.0
2020-09-03 14:43:00+00:00,1452.945652173913,1301528522582786049,12.0
2020-09-03 14:44:00+00:00,1561.4742268041236,1301528522582786049,13.0
2020-09-03 14:45:00+00:00,1671.631067961165,1301528522582786049,14.0
2020-09-03 14:46:00+00:00,1774.956043956044,1301528522582786049,15.0
2020-09-03 14:47:00+00:00,1876.90099009901,1301528522582786049,16.0
2020-09-03 14:48:00+00:00,1976.876404494382,1301528522582786049,17.0
2020-09-03 14:49:00+00:00,2059.7123287671234,1301528522582786049,18.0
2020-09-03 14:50:00+00:00,2139.3246753246754,1301528522582786049,19.0
2020-09-03 14:51:00+00:00,2229.865979381443,1301528522582786049,20.0
2020-09-03 14:52:00+00:00,2324.6,1301528522582786049,21.0
2020-09-03 14:53:00+00:00,2407.8714285714286,1301528522582786049,22.0
2020-09-03 14:54:00+00:00,2490.043956043956,1301528522582786049,23.0
2020-09-03 14:55:00+00:00,2576.722222222222,1301528522582786049,24.0
2020-09-03 14:56:00+00:00,2662.1309523809523,1301528522582786049,25.0
2020-09-03 14:57:00+00:00,2738.406779661017,1301528522582786049,26.0
2020-09-03 14:58:00+00:00,2808.234375,1301528522582786049,27.0
2020-09-03 14:59:00+00:00,2880.96,1301528522582786049,28.0
2020-09-03 15:00:00+00:00,2965.268292682927,1301528522582786049,29.0
2020-09-03 15:01:00+00:00,3045.9142857142856,1301528522582786049,30.0
2020-09-03 15:02:00+00:00,3116.5,1301528522582786049,31.0
2020-09-03 15:03:00+00:00,3174.396226415094,1301528522582786049,32.0
2020-09-03 15:04:00+00:00,3235.7936507936506,1301528522582786049,33.0
2020-09-03 15:05:00+00:00,3306.7,1301528522582786049,34.0
2020-09-03 15:06:00+00:00,3372.519230769231,1301528522582786049,35.0
2020-09-03 15:07:00+00:00,3430.28,1301528522582786049,36.0
2020-09-03 15:08:00+00:00,3486.7272727272725,1301528522582786049,37.0
2020-09-03 15:09:00+00:00,3547.375,1301528522582786049,38.0
2020-09-03 15:10:00+00:00,3605.685185185185,1301528522582786049,39.0
2020-09-03 15:11:00+00:00,3659.64,1301528522582786049,40.0
2020-09-03 15:12:00+00:00,3711.3137254901962,1301528522582786049,41.0
2020-09-03 15:13:00+00:00,3757.871794871795,1301528522582786049,42.0
2020-09-03 15:14:00+00:00,3814.2916666666665,1301528522582786049,43.0
2020-09-03 15:15:00+00:00,3874.266666666667,1301528522582786049,44.0
2020-09-03 15:16:00+00:00,3930.4210526315787,1301528522582786049,45.0
2020-09-03 15:17:00+00:00,3996.1470588235293,1301528522582786049,46.0
2020-09-03 15:18:00+00:00,4061.259259259259,1301528522582786049,47.0
2020-09-03 15:19:00+00:00,4112.955555555555,1301528522582786049,48.0
2020-09-03 15:20:00+00:00,4160.488372093023,1301528522582786049,49.0
2020-09-03 15:21:00+00:00,4209.688888888889,1301528522582786049,50.0
2020-09-03 15:22:00+00:00,4255.511627906977,1301528522582786049,51.0
2020-09-03 15:23:00+00:00,4305.9375,1301528522582786049,52.0
2020-09-03 15:24:00+00:00,4355.111111111111,1301528522582786049,53.0
2020-09-03 15:25:00+00:00,4405.705882352941,1301528522582786049,54.0
2020-09-03 15:26:00+00:00,4453.105263157895,1301528522582786049,55.0
2020-09-03 15:27:00+00:00,4495.0,1301528522582786049,56.0
2020-09-03 15:28:00+00:00,4534.138888888889,1301528522582786049,57.0
2020-09-03 15:29:00+00:00,4576.125,1301528522582786049,58.0
2020-09-03 15:30:00+00:00,4620.081081081081,1301528522582786049,59.0
2020-09-03 15:31:00+00:00,4657.909090909091,1301528522582786049,60.0
2020-09-03 15:32:00+00:00,4702.14,1301528522582786049,61.0
2020-09-03 15:33:00+00:00,4744.709677419355,1301528522582786049,62.0
2020-09-03 15:34:00+00:00,4783.357142857143,1301528522582786049,63.0
2020-09-03 15:35:00+00:00,4822.878787878788,1301528522582786049,64.0
2020-09-03 15:36:00+00:00,4865.125,1301528522582786049,65.0
2020-09-03 15:37:00+00:00,4907.757575757576,1301528522582786049,66.0
2020-09-03 15:38:00+00:00,4946.431818181818,1301528522582786049,67.0
2020-09-03 15:39:00+00:00,4986.264705882353,1301528522582786049,68.0
2020-09-03 15:40:00+00:00,5026.53488372093,1301528522582786049,69.0
2020-09-03 15:41:00+00:00,5067.894736842105,1301528522582786049,70.0
2020-09-03 15:42:00+00:00,5113.229166666667,1301528522582786049,71.0
2020-09-03 15:43:00+00:00,5156.942857142857,1301528522582786049,72.0
2020-09-03 15:44:00+00:00,5193.923076923077,1301528522582786049,73.0
2020-09-03 15:45:00+00:00,5232.882352941177,1301528522582786049,74.0
2020-09-03 15:46:00+00:00,5271.763157894737,1301528522582786049,75.0
2020-09-03 15:47:00+00:00,5313.452380952381,1301528522582786049,76.0
2020-09-03 15:48:00+00:00,5350.32,1301528522582786049,77.0
2020-09-03 15:49:00+00:00,5383.763157894737,1301528522582786049,78.0
2020-09-03 15:50:00+00:00,5421.882352941177,1301528522582786049,79.0
2020-09-03 15:51:00+00:00,5457.914285714286,1301528522582786049,80.0
2020-09-03 15:52:00+00:00,5497.939393939394,1301528522582786049,81.0
2020-09-03 15:53:00+00:00,5529.892857142857,1301528522582786049,82.0
2020-09-03 15:54:00+00:00,5561.545454545455,1301528522582786049,83.0
2020-09-03 15:55:00+00:00,5595.939393939394,1301528522582786049,84.0
2020-09-03 15:56:00+00:00,5634.933333333333,1301528522582786049,85.0
2020-09-03 15:57:00+00:00,5675.6,1301528522582786049,86.0
2020-09-03 15:58:00+00:00,5708.15625,1301528522582786049,87.0
2020-09-03 15:59:00+00:00,5744.027777777777,1301528522582786049,88.0
2020-09-03 16:00:00+00:00,5775.766666666666,1301528522582786049,89.0
2020-09-03 16:01:00+00:00,5803.380952380952,1301528522582786049,90.0
2020-09-03 16:02:00+00:00,5829.9655172413795,1301528522582786049,91.0
2020-09-03 16:03:00+00:00,5855.909090909091,1301528522582786049,92.0
2020-09-03 16:04:00+00:00,5884.4,1301528522582786049,93.0
2020-09-03 16:05:00+00:00,5916.931034482759,1301528522582786049,94.0
2020-09-03 16:06:00+00:00,5949.258064516129,1301528522582786049,95.0
2020-09-03 16:07:00+00:00,5985.46875,1301528522582786049,96.0
2020-09-03 16:08:00+00:00,6016.074074074074,1301528522582786049,97.0
2020-09-03 16:09:00+00:00,6046.5,1301528522582786049,98.0
2020-09-03 16:10:00+00:00,6078.307692307692,1301528522582786049,99.0
2020-09-03 16:11:00+00:00,6111.555555555556,1301528522582786049,100.0
2020-09-03 16:12:00+00:00,6143.153846153846,1301528522582786049,101.0
2020-09-03 16:13:00+00:00,6171.576923076923,1301528522582786049,102.0
2020-09-03 16:14:00+00:00,6201.7692307692305,1301528522582786049,103.0
2020-09-03 16:15:00+00:00,6232.933333333333,1301528522582786049,104.0
2020-09-03 16:16:00+00:00,6264.8387096774195,1301528522582786049,105.0
2020-09-03 16:17:00+00:00,6295.428571428572,1301528522582786049,106.0
2020-09-03 16:18:00+00:00,6319.35294117647,1301528522582786049,107.0
2020-09-03 16:19:00+00:00,6338.0,1301528522582786049,108.0
2020-09-03 16:20:00+00:00,6358.96,1301528522582786049,109.0
2020-09-03 16:21:00+00:00,6385.5,1301528522582786049,110.0
2020-09-03 16:22:00+00:00,6415.793103448276,1301528522582786049,111.0
2020-09-03 16:23:00+00:00,6446.521739130435,1301528522582786049,112.0
2020-09-03 16:24:00+00:00,6469.764705882353,1301528522582786049,113.0
2020-09-03 16:25:00+00:00,6496.774193548387,1301528522582786049,114.0
2020-09-03 16:26:00+00:00,6529.321428571428,1301528522582786049,115.0
2020-09-03 16:27:00+00:00,6554.523809523809,1301528522582786049,116.0
2020-09-03 16:28:00+00:00,6583.606060606061,1301528522582786049,117.0
2020-09-03 16:29:00+00:00,6612.571428571428,1301528522582786049,118.0
2020-09-03 16:30:00+00:00,6636.04347826087,1301528522582786049,119.0
2020-09-03 16:31:00+00:00,6659.0,1301528522582786049,120.0
2020-09-03 16:32:00+00:00,6685.4838709677415,1301528522582786049,121.0
2020-09-03 16:33:00+00:00,6716.111111111111,1301528522582786049,122.0
2020-09-03 16:34:00+00:00,6745.217391304348,1301528522582786049,123.0
2020-09-03 16:35:00+00:00,6774.451612903225,1301528522582786049,124.0
2020-09-03 16:36:00+00:00,6804.545454545455,1301528522582786049,125.0
2020-09-03 16:37:00+00:00,6828.428571428572,1301528522582786049,126.0
2020-09-03 16:38:00+00:00,6854.7307692307695,1301528522582786049,127.0
2020-09-03 16:39:00+00:00,6882.565217391304,1301528522582786049,128.0
2020-09-03 16:40:00+00:00,6908.8,1301528522582786049,129.0
2020-09-03 16:41:00+00:00,6937.9,1301528522582786049,130.0
2020-09-03 16:42:00+00:00,6965.181818181818,1301528522582786049,131.0
2020-09-03 16:43:00+00:00,6993.7,1301528522582786049,132.0
2020-09-03 16:44:00+00:00,7023.966666666666,1301528522582786049,133.0
2020-09-03 16:45:00+00:00,7051.25,1301528522582786049,134.0
2020-09-03 16:46:00+00:00,7078.3448275862065,1301528522582786049,135.0
2020-09-03 16:47:00+00:00,7112.454545454545,1301528522582786049,136.0
2020-09-03 16:48:00+00:00,7143.375,1301528522582786049,137.0
2020-09-03 16:49:00+00:00,7162.076923076923,1301528522582786049,138.0
2020-09-03 16:50:00+00:00,7184.392857142857,1301528522582786049,139.0
2020-09-03 16:51:00+00:00,7208.047619047619,1301528522582786049,140.0
2020-09-03 16:52:00+00:00,7229.142857142857,1301528522582786049,141.0
2020-09-03 16:53:00+00:00,7253.25,1301528522582786049,142.0
2020-09-03 16:54:00+00:00,7279.0,1301528522582786049,143.0
2020-09-03 16:55:00+00:00,7305.0,1301528522582786049,144.0
2020-09-03 16:56:00+00:00,7328.888888888889,1301528522582786049,145.0
2020-09-03 16:57:00+00:00,7354.307692307692,1301528522582786049,146.0
2020-09-03 16:58:00+00:00,7382.448275862069,1301528522582786049,147.0
2020-09-03 16:59:00+00:00,7407.541666666667,1301528522582786049,148.0
2020-09-03 17:00:00+00:00,7431.954545454545,1301528522582786049,149.0
2020-09-03 17:01:00+00:00,7456.0526315789475,1301528522582786049,150.0
2020-09-03 17:02:00+00:00,7481.086956521739,1301528522582786049,151.0
2020-09-03 17:03:00+00:00,7506.391304347826,1301528522582786049,152.0
2020-09-03 17:04:00+00:00,7528.0,1301528522582786049,153.0
2020-09-03 17:05:00+00:00,7549.285714285715,1301528522582786049,154.0
2020-09-03 17:06:00+00:00,7574.4,1301528522582786049,155.0
2020-09-03 17:07:00+00:00,7599.304347826087,1301528522582786049,156.0
2020-09-03 17:08:00+00:00,7619.9047619047615,1301528522582786049,157.0
2020-09-03 17:09:00+00:00,7645.192307692308,1301528522582786049,158.0
2020-09-03 17:10:00+00:00,7665.0,1301528522582786049,159.0
2020-09-03 17:11:00+00:00,7684.259259259259,1301528522582786049,160.0
2020-09-03 17:12:00+00:00,7710.375,1301528522582786049,161.0
2020-09-03 17:13:00+00:00,7731.277777777777,1301528522582786049,162.0
2020-09-03 17:14:00+00:00,7752.809523809524,1301528522582786049,163.0
2020-09-03 17:15:00+00:00,7773.214285714285,1301528522582786049,164.0
2020-09-03 17:16:00+00:00,7790.952380952381,1301528522582786049,165.0
2020-09-03 17:17:00+00:00,7811.590909090909,1301528522582786049,166.0
2020-09-03 17:18:00+00:00,7837.214285714285,1301528522582786049,167.0
2020-09-03 17:19:00+00:00,7861.882352941177,1301528522582786049,168.0
2020-09-03 17:20:00+00:00,7881.2,1301528522582786049,169.0
2020-09-03 17:21:00+00:00,7902.411764705882,1301528522582786049,170.0
2020-09-03 17:22:00+00:00,7920.153846153846,1301528522582786049,171.0
2020-09-03 17:23:00+00:00,7940.52,1301528522582786049,172.0
2020-09-03 17:24:00+00:00,7965.478260869565,1301528522582786049,173.0
2020-09-03 17:25:00+00:00,7992.9655172413795,1301528522582786049,174.0
2020-09-03 17:26:00+00:00,8017.333333333333,1301528522582786049,175.0
2020-09-03 17:27:00+00:00,8037.894736842105,1301528522582786049,176.0
2020-09-03 17:28:00+00:00,8056.235294117647,1301528522582786049,177.0
2020-09-03 17:29:00+00:00,8073.444444444444,1301528522582786049,178.0
2020-09-03 17:30:00+00:00,8093.777777777777,1301528522582786049,179.0
2020-09-03 17:31:00+00:00,8115.863636363636,1301528522582786049,180.0
2020-09-03 17:32:00+00:00,8135.722222222223,1301528522582786049,181.0
2020-09-03 17:33:00+00:00,8152.5,1301528522582786049,182.0
2020-09-03 17:34:00+00:00,8163.142857142857,1301528522582786049,183.0
2020-09-03 17:35:00+00:00,8177.722222222223,1301528522582786049,184.0
2020-09-03 17:36:00+00:00,8195.1875,1301528522582786049,185.0
2020-09-03 17:37:00+00:00,8212.4,1301528522582786049,186.0
2020-09-03 17:38:00+00:00,8224.6,1301528522582786049,187.0
2020-09-03 17:39:00+00:00,8234.4,1301528522582786049,188.0
2020-09-03 17:40:00+00:00,8250.681818181818,1301528522582786049,189.0
2020-09-03 17:41:00+00:00,8270.894736842105,1301528522582786049,190.0
2020-09-03 17:42:00+00:00,8286.833333333334,1301528522582786049,191.0
2020-09-03 17:43:00+00:00,8304.136363636364,1301528522582786049,192.0
2020-09-03 17:44:00+00:00,8326.368421052632,1301528522582786049,193.0
2020-09-03 17:45:00+00:00,8344.625,1301528522582786049,194.0
2020-09-03 17:46:00+00:00,8357.375,1301528522582786049,195.0
2020-09-03 17:47:00+00:00,8367.7,1301528522582786049,196.0
2020-09-03 17:48:00+00:00,8376.57142857143,1301528522582786049,197.0
2020-09-03 17:49:00+00:00,8388.8,1301528522582786049,198.0
2020-09-03 17:50:00+00:00,8404.615384615385,1301528522582786049,199.0
2020-09-03 17:51:00+00:00,8416.181818181818,1301528522582786049,200.0
2020-09-03 17:52:00+00:00,8431.666666666666,1301528522582786049,201.0
2020-09-03 17:53:00+00:00,8450.066666666668,1301528522582786049,202.0
2020-09-03 17:54:00+00:00,8464.615384615385,1301528522582786049,203.0
2020-09-03 17:55:00+00:00,8479.066666666668,1301528522582786049,204.0
2020-09-03 17:56:00+00:00,8490.42857142857,1301528522582786049,205.0
2020-09-03 17:57:00+00:00,8500.583333333334,1301528522582786049,206.0
2020-09-03 17:58:00+00:00,8515.29411764706,1301528522582786049,207.0
2020-09-03 17:59:00+00:00,8529.555555555555,1301528522582786049,208.0
2020-09-03 18:00:00+00:00,8542.333333333334,1301528522582786049,209.0
2020-09-03 18:01:00+00:00,8555.642857142857,1301528522582786049,210.0
2020-09-03 18:02:00+00:00,8570.666666666666,1301528522582786049,211.0
2020-09-03 18:03:00+00:00,8588.888888888889,1301528522582786049,212.0
2020-09-03 18:04:00+00:00,8605.307692307691,1301528522582786049,213.0
2020-09-03 18:05:00+00:00,8617.125,1301528522582786049,214.0
2020-09-03 18:06:00+00:00,8626.90909090909,1301528522582786049,215.0
2020-09-03 18:07:00+00:00,8640.470588235294,1301528522582786049,216.0
2020-09-03 18:08:00+00:00,8659.444444444445,1301528522582786049,217.0
2020-09-03 18:09:00+00:00,8675.083333333334,1301528522582786049,218.0
2020-09-03 18:10:00+00:00,8686.125,1301528522582786049,219.0
2020-09-03 18:11:00+00:00,8698.307692307691,1301528522582786049,220.0
2020-09-03 18:12:00+00:00,8712.266666666666,1301528522582786049,221.0
2020-09-03 18:13:00+00:00,8723.285714285714,1301528522582786049,222.0
2020-09-03 18:14:00+00:00,8735.777777777777,1301528522582786049,223.0
2020-09-03 18:15:00+00:00,8758.692307692309,1301528522582786049,224.0
2020-09-03 18:16:00+00:00,8779.4,1301528522582786049,225.0
2020-09-03 18:17:00+00:00,8794.4,1301528522582786049,226.0
2020-09-03 18:18:00+00:00,8809.3125,1301528522582786049,227.0
2020-09-03 18:19:00+00:00,8823.75,1301528522582786049,228.0
2020-09-03 18:20:00+00:00,8842.181818181818,1301528522582786049,229.0
2020-09-03 18:21:00+00:00,8860.76923076923,1301528522582786049,230.0
2020-09-03 18:22:00+00:00,8876.0625,1301528522582786049,231.0
2020-09-03 18:23:00+00:00,8891.09090909091,1301528522582786049,232.0
2020-09-03 18:24:00+00:00,8905.533333333333,1301528522582786049,233.0
2020-09-03 18:25:00+00:00,8919.8,1301528522582786049,234.0
2020-09-03 18:26:00+00:00,8939.478260869566,1301528522582786049,235.0
2020-09-03 18:27:00+00:00,8957.57142857143,1301528522582786049,236.0
2020-09-03 18:28:00+00:00,8971.09090909091,1301528522582786049,237.0
2020-09-03 18:29:00+00:00,8985.35294117647,1301528522582786049,238.0
2020-09-03 18:30:00+00:00,9005.142857142857,1301528522582786049,239.0
2020-09-03 18:31:00+00:00,9027.95,1301528522582786049,240.0
2020-09-03 18:32:00+00:00,6293.347826086957,1301528522582786049,241.0
2020-09-03 18:33:00+00:00,0.0,1301528522582786049,242.0
2020-09-03 18:34:00+00:00,0.0,1301528522582786049,243.0
2020-09-03 18:35:00+00:00,0.0,1301528522582786049,244.0
2020-09-03 18:36:00+00:00,0.0,1301528522582786049,245.0
2020-09-03 18:37:00+00:00,0.0,1301528522582786049,246.0
2020-09-03 18:38:00+00:00,0.0,1301528522582786049,247.0
2020-09-03 18:39:00+00:00,0.0,1301528522582786049,248.0
2020-09-03 18:40:00+00:00,0.0,1301528522582786049,249.0
2020-09-03 18:41:00+00:00,0.0,1301528522582786049,250.0
2020-09-03 18:42:00+00:00,0.0,1301528522582786049,251.0
2020-09-03 18:43:00+00:00,0.0,1301528522582786049,252.0
2020-09-03 18:44:00+00:00,0.0,1301528522582786049,253.0
2020-09-03 18:45:00+00:00,0.0,1301528522582786049,254.0
2020-09-03 18:46:00+00:00,0.0,1301528522582786049,255.0
2020-09-03 18:47:00+00:00,0.0,1301528522582786049,256.0
2020-09-03 18:48:00+00:00,0.0,1301528522582786049,257.0
2020-09-03 18:49:00+00:00,0.0,1301528522582786049,258.0
2020-09-03 18:50:00+00:00,0.0,1301528522582786049,259.0
2020-09-03 18:51:00+00:00,0.0,1301528522582786049,260.0
2020-09-03 18:52:00+00:00,0.0,1301528522582786049,261.0
2020-09-03 18:53:00+00:00,0.0,1301528522582786049,262.0
2020-09-03 18:54:00+00:00,0.0,1301528522582786049,263.0
2020-09-03 18:55:00+00:00,0.0,1301528522582786049,264.0
2020-09-03 18:56:00+00:00,0.0,1301528522582786049,265.0
2020-09-03 18:57:00+00:00,0.0,1301528522582786049,266.0
2020-09-03 18:58:00+00:00,0.0,1301528522582786049,267.0
2020-09-03 18:59:00+00:00,0.0,1301528522582786049,268.0
2020-09-03 19:00:00+00:00,0.0,1301528522582786049,269.0
2020-09-03 19:01:00+00:00,0.0,1301528522582786049,270.0
2020-09-03 19:02:00+00:00,0.0,1301528522582786049,271.0
2020-09-03 19:03:00+00:00,0.0,1301528522582786049,272.0
2020-09-03 19:04:00+00:00,0.0,1301528522582786049,273.0
2020-09-03 19:05:00+00:00,0.0,1301528522582786049,274.0
2020-09-03 19:06:00+00:00,0.0,1301528522582786049,275.0
2020-09-03 19:07:00+00:00,0.0,1301528522582786049,276.0
2020-09-03 19:08:00+00:00,0.0,1301528522582786049,277.0
2020-09-03 19:09:00+00:00,0.0,1301528522582786049,278.0
2020-09-03 19:10:00+00:00,0.0,1301528522582786049,279.0
2020-09-03 19:11:00+00:00,0.0,1301528522582786049,280.0
2020-09-03 19:12:00+00:00,0.0,1301528522582786049,281.0
2020-09-03 19:13:00+00:00,0.0,1301528522582786049,282.0
2020-09-03 19:14:00+00:00,0.0,1301528522582786049,283.0
2020-09-03 19:15:00+00:00,0.0,1301528522582786049,284.0
2020-09-03 19:16:00+00:00,0.0,1301528522582786049,285.0
2020-09-03 19:17:00+00:00,0.0,1301528522582786049,286.0
2020-09-03 19:18:00+00:00,0.0,1301528522582786049,287.0
2020-09-03 19:19:00+00:00,0.0,1301528522582786049,288.0
2020-09-03 19:20:00+00:00,0.0,1301528522582786049,289.0
2020-09-03 19:21:00+00:00,0.0,1301528522582786049,290.0
2020-09-03 19:22:00+00:00,0.0,1301528522582786049,291.0
2020-09-03 19:23:00+00:00,0.0,1301528522582786049,292.0
2020-09-03 19:24:00+00:00,0.0,1301528522582786049,293.0
2020-09-03 19:25:00+00:00,0.0,1301528522582786049,294.0
2020-09-03 19:26:00+00:00,0.0,1301528522582786049,295.0
2020-09-03 19:27:00+00:00,0.0,1301528522582786049,296.0
2020-09-03 19:28:00+00:00,0.0,1301528522582786049,297.0
2020-09-03 19:29:00+00:00,0.0,1301528522582786049,298.0
2020-09-03 19:30:00+00:00,0.0,1301528522582786049,299.0
2020-09-03 19:31:00+00:00,0.0,1301528522582786049,300.0
2020-09-03 19:32:00+00:00,0.0,1301528522582786049,301.0
2020-09-03 19:33:00+00:00,0.0,1301528522582786049,302.0
2020-09-03 19:34:00+00:00,0.0,1301528522582786049,303.0
2020-09-03 19:35:00+00:00,0.0,1301528522582786049,304.0
2020-09-03 19:36:00+00:00,0.0,1301528522582786049,305.0
2020-09-03 19:37:00+00:00,0.0,1301528522582786049,306.0
2020-09-03 19:38:00+00:00,0.0,1301528522582786049,307.0
2020-09-03 19:39:00+00:00,0.0,1301528522582786049,308.0
2020-09-03 19:40:00+00:00,0.0,1301528522582786049,309.0
2020-09-03 19:41:00+00:00,0.0,1301528522582786049,310.0
2020-09-03 19:42:00+00:00,0.0,1301528522582786049,311.0
2020-09-03 19:43:00+00:00,0.0,1301528522582786049,312.0
2020-09-03 19:44:00+00:00,0.0,1301528522582786049,313.0
2020-09-03 19:45:00+00:00,0.0,1301528522582786049,314.0
2020-09-03 19:46:00+00:00,0.0,1301528522582786049,315.0
2020-09-03 19:47:00+00:00,0.0,1301528522582786049,316.0
2020-09-03 19:48:00+00:00,0.0,1301528522582786049,317.0
2020-09-03 19:49:00+00:00,0.0,1301528522582786049,318.0
2020-09-03 19:50:00+00:00,0.0,1301528522582786049,319.0
2020-09-03 19:51:00+00:00,0.0,1301528522582786049,320.0
2020-09-03 19:52:00+00:00,0.0,1301528522582786049,321.0
2020-09-03 19:53:00+00:00,0.0,1301528522582786049,322.0
2020-09-03 19:54:00+00:00,0.0,1301528522582786049,323.0
2020-09-03 19:55:00+00:00,0.0,1301528522582786049,324.0
2020-09-03 19:56:00+00:00,0.0,1301528522582786049,325.0
2020-09-03 19:57:00+00:00,0.0,1301528522582786049,326.0
2020-09-03 19:58:00+00:00,0.0,1301528522582786049,327.0
2020-09-03 19:59:00+00:00,0.0,1301528522582786049,328.0
2020-09-03 20:00:00+00:00,0.0,1301528522582786049,329.0
2020-09-03 20:01:00+00:00,0.0,1301528522582786049,330.0
2020-09-03 20:02:00+00:00,0.0,1301528522582786049,331.0
2020-09-03 20:03:00+00:00,0.0,1301528522582786049,332.0
2020-09-03 20:04:00+00:00,0.0,1301528522582786049,333.0
2020-09-03 20:05:00+00:00,0.0,1301528522582786049,334.0
2020-09-03 20:06:00+00:00,0.0,1301528522582786049,335.0
2020-09-03 20:07:00+00:00,0.0,1301528522582786049,336.0
2020-09-03 20:08:00+00:00,0.0,1301528522582786049,337.0
2020-09-03 20:09:00+00:00,0.0,1301528522582786049,338.0
2020-09-03 20:10:00+00:00,0.0,1301528522582786049,339.0
2020-09-03 20:11:00+00:00,0.0,1301528522582786049,340.0
2020-09-03 20:12:00+00:00,0.0,1301528522582786049,341.0
2020-09-03 20:13:00+00:00,0.0,1301528522582786049,342.0
2020-09-03 20:14:00+00:00,0.0,1301528522582786049,343.0
2020-09-03 20:15:00+00:00,0.0,1301528522582786049,344.0
2020-09-03 20:16:00+00:00,0.0,1301528522582786049,345.0
2020-09-03 20:17:00+00:00,0.0,1301528522582786049,346.0
2020-09-03 20:18:00+00:00,0.0,1301528522582786049,347.0
2020-09-03 20:19:00+00:00,0.0,1301528522582786049,348.0
2020-09-03 20:20:00+00:00,0.0,1301528522582786049,349.0
2020-09-03 20:21:00+00:00,0.0,1301528522582786049,350.0
2020-09-03 20:22:00+00:00,0.0,1301528522582786049,351.0
2020-09-03 20:23:00+00:00,0.0,1301528522582786049,352.0
2020-09-03 20:24:00+00:00,0.0,1301528522582786049,353.0
2020-09-03 20:25:00+00:00,0.0,1301528522582786049,354.0
2020-09-03 20:26:00+00:00,0.0,1301528522582786049,355.0
2020-09-03 20:27:00+00:00,0.0,1301528522582786049,356.0
2020-09-03 20:28:00+00:00,0.0,1301528522582786049,357.0
2020-09-03 20:29:00+00:00,0.0,1301528522582786049,358.0
2020-09-03 20:30:00+00:00,0.0,1301528522582786049,359.0
2020-09-03 20:31:00+00:00,0.0,1301528522582786049,360.0
2020-09-03 20:32:00+00:00,0.0,1301528522582786049,361.0
2020-09-03 20:33:00+00:00,0.0,1301528522582786049,362.0
2020-09-03 20:34:00+00:00,0.0,1301528522582786049,363.0
2020-09-03 20:35:00+00:00,0.0,1301528522582786049,364.0
2020-09-03 20:36:00+00:00,0.0,1301528522582786049,365.0
2020-09-03 20:37:00+00:00,0.0,1301528522582786049,366.0
2020-09-03 20:38:00+00:00,0.0,1301528522582786049,367.0
2020-09-03 20:39:00+00:00,0.0,1301528522582786049,368.0
2020-09-03 20:40:00+00:00,0.0,1301528522582786049,369.0
2020-09-03 20:41:00+00:00,0.0,1301528522582786049,370.0
2020-09-03 20:42:00+00:00,0.0,1301528522582786049,371.0
2020-09-03 20:43:00+00:00,0.0,1301528522582786049,372.0
2020-09-03 20:44:00+00:00,0.0,1301528522582786049,373.0
2020-09-03 20:45:00+00:00,0.0,1301528522582786049,374.0
2020-09-03 20:46:00+00:00,0.0,1301528522582786049,375.0
2020-09-03 20:47:00+00:00,0.0,1301528522582786049,376.0
2020-09-03 20:48:00+00:00,0.0,1301528522582786049,377.0
2020-09-03 20:50:00+00:00,0.0,1301528522582786049,378.0
2020-09-03 20:51:00+00:00,0.0,1301528522582786049,379.0
2020-09-03 20:52:00+00:00,0.0,1301528522582786049,380.0
2020-09-03 20:53:00+00:00,0.0,1301528522582786049,381.0
2020-09-03 20:54:00+00:00,0.0,1301528522582786049,382.0
2020-09-03 20:55:00+00:00,0.0,1301528522582786049,383.0
2020-09-03 20:56:00+00:00,0.0,1301528522582786049,384.0
2020-09-03 20:57:00+00:00,0.0,1301528522582786049,385.0
2020-09-03 20:58:00+00:00,0.0,1301528522582786049,386.0
2020-09-03 20:59:00+00:00,0.0,1301528522582786049,387.0
2020-09-03 21:00:00+00:00,0.0,1301528522582786049,388.0
2020-09-03 21:01:00+00:00,0.0,1301528522582786049,389.0
2020-09-03 21:04:00+00:00,0.0,1301528522582786049,390.0
2020-09-03 14:32:00+00:00,5.444444444444445,1301528521752354816,1.0
2020-09-03 14:33:00+00:00,74.47619047619048,1301528521752354816,2.0
2020-09-03 14:34:00+00:00,245.56521739130434,1301528521752354816,3.0
2020-09-03 14:35:00+00:00,445.98857142857145,1301528521752354816,4.0
2020-09-03 14:36:00+00:00,607.2,1301528521752354816,5.0
2020-09-03 14:37:00+00:00,740.1623931623932,1301528521752354816,6.0
2020-09-03 14:38:00+00:00,865.1452991452992,1301528521752354816,7.0
2020-09-03 14:39:00+00:00,994.2166666666667,1301528521752354816,8.0
2020-09-03 14:40:00+00:00,1110.234693877551,1301528521752354816,9.0
2020-09-03 14:41:00+00:00,1208.3010752688172,1301528521752354816,10.0
2020-09-03 14:42:00+00:00,1307.034090909091,1301528521752354816,11.0
2020-09-03 14:43:00+00:00,1405.5505617977528,1301528521752354816,12.0
2020-09-03 14:44:00+00:00,1499.8915662650602,1301528521752354816,13.0
2020-09-03 14:45:00+00:00,1592.4186046511627,1301528521752354816,14.0
2020-09-03 14:46:00+00:00,1687.0752688172042,1301528521752354816,15.0
2020-09-03 14:47:00+00:00,1771.0,1301528521752354816,16.0
2020-09-03 14:48:00+00:00,1845.013698630137,1301528521752354816,17.0
2020-09-03 14:49:00+00:00,1913.5081967213114,1301528521752354816,18.0
2020-09-03 14:50:00+00:00,1981.641791044776,1301528521752354816,19.0
2020-09-03 14:51:00+00:00,2056.684210526316,1301528521752354816,20.0
2020-09-03 14:52:00+00:00,2130.65625,1301528521752354816,21.0
2020-09-03 14:53:00+00:00,2193.7704918032787,1301528521752354816,22.0
2020-09-03 14:54:00+00:00,2269.329411764706,1301528521752354816,23.0
2020-09-03 14:55:00+00:00,2349.1714285714284,1301528521752354816,24.0
2020-09-03 14:56:00+00:00,2418.877192982456,1301528521752354816,25.0
2020-09-03 14:57:00+00:00,2477.269230769231,1301528521752354816,26.0
2020-09-03 14:58:00+00:00,2537.490566037736,1301528521752354816,27.0
2020-09-03 14:59:00+00:00,2601.6901408450703,1301528521752354816,28.0
2020-09-03 15:00:00+00:00,2680.958904109589,1301528521752354816,29.0
2020-09-03 15:01:00+00:00,2753.671875,1301528521752354816,30.0
2020-09-03 15:02:00+00:00,2820.7796610169494,1301528521752354816,31.0
2020-09-03 15:03:00+00:00,2871.809523809524,1301528521752354816,32.0
2020-09-03 15:04:00+00:00,2926.293103448276,1301528521752354816,33.0
2020-09-03 15:05:00+00:00,2985.25,1301528521752354816,34.0
2020-09-03 15:06:00+00:00,3037.9583333333335,1301528521752354816,35.0
2020-09-03 15:07:00+00:00,3091.0416666666665,1301528521752354816,36.0
2020-09-03 15:08:00+00:00,3142.4186046511627,1301528521752354816,37.0
2020-09-03 15:09:00+00:00,3193.9322033898306,1301528521752354816,38.0
2020-09-03 15:10:00+00:00,3250.1372549019607,1301528521752354816,39.0
2020-09-03 15:11:00+00:00,3303.2340425531916,1301528521752354816,40.0
2020-09-03 15:12:00+00:00,3347.2105263157896,1301528521752354816,41.0
2020-09-03 15:13:00+00:00,3385.1428571428573,1301528521752354816,42.0
2020-09-03 15:14:00+00:00,3436.8507462686566,1301528521752354816,43.0
2020-09-03 15:15:00+00:00,3496.44,1301528521752354816,44.0
2020-09-03 15:16:00+00:00,3549.3469387755104,1301528521752354816,45.0
2020-09-03 15:17:00+00:00,3607.5238095238096,1301528521752354816,46.0
2020-09-03 15:18:00+00:00,3666.265306122449,1301528521752354816,47.0
2020-09-03 15:19:00+00:00,3716.468085106383,1301528521752354816,48.0
2020-09-03 15:20:00+00:00,3759.757575757576,1301528521752354816,49.0
2020-09-03 15:21:00+00:00,3799.953488372093,1301528521752354816,50.0
2020-09-03 15:22:00+00:00,3839.8055555555557,1301528521752354816,51.0
2020-09-03 15:23:00+00:00,3885.3260869565215,1301528521752354816,52.0
2020-09-03 15:24:00+00:00,3930.2894736842104,1301528521752354816,53.0
2020-09-03 15:25:00+00:00,3973.5,1301528521752354816,54.0
2020-09-03 15:26:00+00:00,4013.5757575757575,1301528521752354816,55.0
2020-09-03 15:27:00+00:00,4054.0975609756097,1301528521752354816,56.0
2020-09-03 15:28:00+00:00,4095.9736842105262,1301528521752354816,57.0
2020-09-03 15:29:00+00:00,4137.232558139535,1301528521752354816,58.0
2020-09-03 15:30:00+00:00,4178.028571428571,1301528521752354816,59.0
2020-09-03 15:31:00+00:00,4214.645161290323,1301528521752354816,60.0
2020-09-03 15:32:00+00:00,4253.023255813953,1301528521752354816,61.0
2020-09-03 15:33:00+00:00,4291.857142857143,1301528521752354816,62.0
2020-09-03 15:34:00+00:00,4323.969696969697,1301528521752354816,63.0
2020-09-03 15:35:00+00:00,4354.6,1301528521752354816,64.0
2020-09-03 15:36:00+00:00,4389.878048780488,1301528521752354816,65.0
2020-09-03 15:37:00+00:00,4427.266666666666,1301528521752354816,66.0
2020-09-03 15:38:00+00:00,4461.975,1301528521752354816,67.0
2020-09-03 15:39:00+00:00,4497.870967741936,1301528521752354816,68.0
2020-09-03 15:40:00+00:00,4534.116279069767,1301528521752354816,69.0
2020-09-03 15:41:00+00:00,4574.55,1301528521752354816,70.0
2020-09-03 15:42:00+00:00,4615.923076923077,1301528521752354816,71.0
2020-09-03 15:43:00+00:00,4650.9655172413795,1301528521752354816,72.0
2020-09-03 15:44:00+00:00,4683.257142857143,1301528521752354816,73.0
2020-09-03 15:45:00+00:00,4722.0,1301528521752354816,74.0
2020-09-03 15:46:00+00:00,4760.878787878788,1301528521752354816,75.0
2020-09-03 15:47:00+00:00,4793.5625,1301528521752354816,76.0
2020-09-03 15:48:00+00:00,4825.538461538462,1301528521752354816,77.0
2020-09-03 15:49:00+00:00,4855.185185185185,1301528521752354816,78.0
2020-09-03 15:50:00+00:00,4891.878048780488,1301528521752354816,79.0
2020-09-03 15:51:00+00:00,4929.0625,1301528521752354816,80.0
2020-09-03 15:52:00+00:00,4964.69696969697,1301528521752354816,81.0
2020-09-03 15:53:00+00:00,4994.96,1301528521752354816,82.0
2020-09-03 15:54:00+00:00,5024.433333333333,1301528521752354816,83.0
2020-09-03 15:55:00+00:00,5058.628571428571,1301528521752354816,84.0
2020-09-03 15:56:00+00:00,5095.888888888889,1301528521752354816,85.0
2020-09-03 15:57:00+00:00,5130.1,1301528521752354816,86.0
2020-09-03 15:58:00+00:00,5161.068965517241,1301528521752354816,87.0
2020-09-03 15:59:00+00:00,5191.0,1301528521752354816,88.0
2020-09-03 16:00:00+00:00,5218.7307692307695,1301528521752354816,89.0
2020-09-03 16:01:00+00:00,5244.708333333333,1301528521752354816,90.0
2020-09-03 16:02:00+00:00,5270.0,1301528521752354816,91.0
2020-09-03 16:03:00+00:00,5295.7692307692305,1301528521752354816,92.0
2020-09-03 16:04:00+00:00,5322.454545454545,1301528521752354816,93.0
2020-09-03 16:05:00+00:00,5350.0344827586205,1301528521752354816,94.0
2020-09-03 16:06:00+00:00,5379.814814814815,1301528521752354816,95.0
2020-09-03 16:07:00+00:00,5410.833333333333,1301528521752354816,96.0
2020-09-03 16:08:00+00:00,5441.607142857143,1301528521752354816,97.0
2020-09-03 16:09:00+00:00,5474.103448275862,1301528521752354816,98.0
2020-09-03 16:10:00+00:00,5502.222222222223,1301528521752354816,99.0
2020-09-03 16:11:00+00:00,5529.2,1301528521752354816,100.0
2020-09-03 16:12:00+00:00,5556.95652173913,1301528521752354816,101.0
2020-09-03 16:13:00+00:00,5584.931034482759,1301528521752354816,102.0
2020-09-03 16:14:00+00:00,5612.047619047619,1301528521752354816,103.0
2020-09-03 16:15:00+00:00,5639.5161290322585,1301528521752354816,104.0
2020-09-03 16:16:00+00:00,5670.0,1301528521752354816,105.0
2020-09-03 16:17:00+00:00,5695.238095238095,1301528521752354816,106.0
2020-09-03 16:18:00+00:00,5717.25,1301528521752354816,107.0
2020-09-03 16:19:00+00:00,5730.75,1301528521752354816,108.0
2020-09-03 16:20:00+00:00,5746.166666666667,1301528521752354816,109.0
2020-09-03 16:21:00+00:00,5769.090909090909,1301528521752354816,110.0
2020-09-03 16:22:00+00:00,5797.645161290323,1301528521752354816,111.0
2020-09-03 16:23:00+00:00,5826.619047619048,1301528521752354816,112.0
2020-09-03 16:24:00+00:00,5848.818181818182,1301528521752354816,113.0
2020-09-03 16:25:00+00:00,5871.318181818182,1301528521752354816,114.0
2020-09-03 16:26:00+00:00,5897.357142857143,1301528521752354816,115.0
2020-09-03 16:27:00+00:00,5921.6,1301528521752354816,116.0
2020-09-03 16:28:00+00:00,5947.827586206897,1301528521752354816,117.0
2020-09-03 16:29:00+00:00,5974.52,1301528521752354816,118.0
2020-09-03 16:30:00+00:00,5998.0,1301528521752354816,119.0
2020-09-03 16:31:00+00:00,6019.727272727273,1301528521752354816,120.0
2020-09-03 16:32:00+00:00,6042.181818181818,1301528521752354816,121.0
2020-09-03 16:33:00+00:00,6064.739130434783,1301528521752354816,122.0
2020-09-03 16:34:00+00:00,6091.72,1301528521752354816,123.0
2020-09-03 16:35:00+00:00,6121.466666666666,1301528521752354816,124.0
2020-09-03 16:36:00+00:00,6153.222222222223,1301528521752354816,125.0
2020-09-03 16:37:00+00:00,6176.785714285715,1301528521752354816,126.0
2020-09-03 16:38:00+00:00,6198.08,1301528521752354816,127.0
2020-09-03 16:39:00+00:00,6226.56,1301528521752354816,128.0
2020-09-03 16:40:00+00:00,6251.714285714285,1301528521752354816,129.0
2020-09-03 16:41:00+00:00,6279.441176470588,1301528521752354816,130.0
2020-09-03 16:42:00+00:00,6307.5,1301528521752354816,131.0
2020-09-03 16:43:00+00:00,6338.918918918919,1301528521752354816,132.0
2020-09-03 16:44:00+00:00,6371.192307692308,1301528521752354816,133.0
2020-09-03 16:45:00+00:00,6397.0,1301528521752354816,134.0
2020-09-03 16:46:00+00:00,6423.9655172413795,1301528521752354816,135.0
2020-09-03 16:47:00+00:00,6451.961538461538,1301528521752354816,136.0
2020-09-03 16:48:00+00:00,6478.652173913043,1301528521752354816,137.0
2020-09-03 16:49:00+00:00,6498.4,1301528521752354816,138.0
2020-09-03 16:50:00+00:00,6519.666666666667,1301528521752354816,139.0
2020-09-03 16:51:00+00:00,6542.5,1301528521752354816,140.0
2020-09-03 16:52:00+00:00,6562.35294117647,1301528521752354816,141.0
2020-09-03 16:53:00+00:00,6579.214285714285,1301528521752354816,142.0
2020-09-03 16:54:00+00:00,6602.0,1301528521752354816,143.0
2020-09-03 16:55:00+00:00,6624.2,1301528521752354816,144.0
2020-09-03 16:56:00+00:00,6642.85,1301528521752354816,145.0
2020-09-03 16:57:00+00:00,6667.913043478261,1301528521752354816,146.0
2020-09-03 16:58:00+00:00,6694.178571428572,1301528521752354816,147.0
2020-09-03 16:59:00+00:00,6717.913043478261,1301528521752354816,148.0
2020-09-03 17:00:00+00:00,6739.4375,1301528521752354816,149.0
2020-09-03 17:01:00+00:00,6758.944444444444,1301528521752354816,150.0
2020-09-03 17:02:00+00:00,6785.2692307692305,1301528521752354816,151.0
2020-09-03 17:03:00+00:00,6806.4375,1301528521752354816,152.0
2020-09-03 17:04:00+00:00,6825.625,1301528521752354816,153.0
2020-09-03 17:05:00+00:00,6847.5,1301528521752354816,154.0
2020-09-03 17:06:00+00:00,6868.9,1301528521752354816,155.0
2020-09-03 17:07:00+00:00,6889.611111111111,1301528521752354816,156.0
2020-09-03 17:08:00+00:00,6911.04347826087,1301528521752354816,157.0
2020-09-03 17:09:00+00:00,6934.222222222223,1301528521752354816,158.0
2020-09-03 17:10:00+00:00,6951.25,1301528521752354816,159.0
2020-09-03 17:11:00+00:00,6969.208333333333,1301528521752354816,160.0
2020-09-03 17:12:00+00:00,6988.375,1301528521752354816,161.0
2020-09-03 17:13:00+00:00,7005.894736842105,1301528521752354816,162.0
2020-09-03 17:14:00+00:00,7028.238095238095,1301528521752354816,163.0
2020-09-03 17:15:00+00:00,7049.0,1301528521752354816,164.0
2020-09-03 17:16:00+00:00,7066.454545454545,1301528521752354816,165.0
2020-09-03 17:17:00+00:00,7089.458333333333,1301528521752354816,166.0
2020-09-03 17:18:00+00:00,7115.5,1301528521752354816,167.0
2020-09-03 17:19:00+00:00,7137.642857142857,1301528521752354816,168.0
2020-09-03 17:20:00+00:00,7153.133333333333,1301528521752354816,169.0
2020-09-03 17:21:00+00:00,7171.857142857143,1301528521752354816,170.0
2020-09-03 17:22:00+00:00,7186.5,1301528521752354816,171.0
2020-09-03 17:23:00+00:00,7205.125,1301528521752354816,172.0
2020-09-03 17:24:00+00:00,7229.85,1301528521752354816,173.0
2020-09-03 17:25:00+00:00,7254.862068965517,1301528521752354816,174.0
2020-09-03 17:26:00+00:00,7279.869565217391,1301528521752354816,175.0
2020-09-03 17:27:00+00:00,7299.0,1301528521752354816,176.0
2020-09-03 17:28:00+00:00,7316.315789473684,1301528521752354816,177.0
2020-09-03 17:29:00+00:00,7335.0,1301528521752354816,178.0
2020-09-03 17:30:00+00:00,7356.0,1301528521752354816,179.0
2020-09-03 17:31:00+00:00,7370.333333333333,1301528521752354816,180.0
2020-09-03 17:32:00+00:00,7385.333333333333,1301528521752354816,181.0
2020-09-03 17:33:00+00:00,7403.7692307692305,1301528521752354816,182.0
2020-09-03 17:34:00+00:00,7414.9,1301528521752354816,183.0
2020-09-03 17:35:00+00:00,7430.785714285715,1301528521752354816,184.0
2020-09-03 17:36:00+00:00,7447.5,1301528521752354816,185.0
2020-09-03 17:37:00+00:00,7464.25,1301528521752354816,186.0
2020-09-03 17:38:00+00:00,7476.1,1301528521752354816,187.0
2020-09-03 17:39:00+00:00,7487.583333333333,1301528521752354816,188.0
2020-09-03 17:40:00+00:00,7504.523809523809,1301528521752354816,189.0
2020-09-03 17:41:00+00:00,7523.0625,1301528521752354816,190.0
2020-09-03 17:42:00+00:00,7538.375,1301528521752354816,191.0
2020-09-03 17:43:00+00:00,7559.0,1301528521752354816,192.0
2020-09-03 17:44:00+00:00,7579.733333333334,1301528521752354816,193.0
2020-09-03 17:45:00+00:00,7596.823529411765,1301528521752354816,194.0
2020-09-03 17:46:00+00:00,7613.0,1301528521752354816,195.0
2020-09-03 17:47:00+00:00,7625.625,1301528521752354816,196.0
2020-09-03 17:48:00+00:00,7637.333333333333,1301528521752354816,197.0
2020-09-03 17:49:00+00:00,7650.666666666667,1301528521752354816,198.0
2020-09-03 17:50:00+00:00,7664.428571428572,1301528521752354816,199.0
2020-09-03 17:51:00+00:00,7672.0,1301528521752354816,200.0
2020-09-03 17:52:00+00:00,7684.133333333333,1301528521752354816,201.0
2020-09-03 17:53:00+00:00,7701.2,1301528521752354816,202.0
2020-09-03 17:54:00+00:00,7716.25,1301528521752354816,203.0
2020-09-03 17:55:00+00:00,7729.363636363636,1301528521752354816,204.0
2020-09-03 17:56:00+00:00,7740.625,1301528521752354816,205.0
2020-09-03 17:57:00+00:00,7747.7,1301528521752354816,206.0
2020-09-03 17:58:00+00:00,7763.523809523809,1301528521752354816,207.0
2020-09-03 17:59:00+00:00,7779.142857142857,1301528521752354816,208.0
2020-09-03 18:00:00+00:00,7791.454545454545,1301528521752354816,209.0
2020-09-03 18:01:00+00:00,7803.076923076923,1301528521752354816,210.0
2020-09-03 18:02:00+00:00,7818.588235294118,1301528521752354816,211.0
2020-09-03 18:03:00+00:00,7838.058823529412,1301528521752354816,212.0
2020-09-03 18:04:00+00:00,7853.923076923077,1301528521752354816,213.0
2020-09-03 18:05:00+00:00,7865.375,1301528521752354816,214.0
2020-09-03 18:06:00+00:00,7875.090909090909,1301528521752354816,215.0
2020-09-03 18:07:00+00:00,7888.733333333334,1301528521752354816,216.0
2020-09-03 18:08:00+00:00,7906.3125,1301528521752354816,217.0
2020-09-03 18:09:00+00:00,7919.9,1301528521752354816,218.0
2020-09-03 18:10:00+00:00,7929.375,1301528521752354816,219.0
2020-09-03 18:11:00+00:00,7940.909090909091,1301528521752354816,220.0
2020-09-03 18:12:00+00:00,7954.0,1301528521752354816,221.0
2020-09-03 18:13:00+00:00,7966.0,1301528521752354816,222.0
2020-09-03 18:14:00+00:00,7977.5,1301528521752354816,223.0
2020-09-03 18:15:00+00:00,8000.952380952381,1301528521752354816,224.0
2020-09-03 18:16:00+00:00,8018.714285714285,1301528521752354816,225.0
2020-09-03 18:17:00+00:00,8033.1,1301528521752354816,226.0
2020-09-03 18:18:00+00:00,8046.083333333333,1301528521752354816,227.0
2020-09-03 18:19:00+00:00,8059.307692307692,1301528521752354816,228.0
2020-09-03 18:20:00+00:00,8075.4,1301528521752354816,229.0
2020-09-03 18:21:00+00:00,8092.285714285715,1301528521752354816,230.0
2020-09-03 18:22:00+00:00,8108.466666666666,1301528521752354816,231.0
2020-09-03 18:23:00+00:00,8123.8,1301528521752354816,232.0
2020-09-03 18:24:00+00:00,8137.0,1301528521752354816,233.0
2020-09-03 18:25:00+00:00,8150.25,1301528521752354816,234.0
2020-09-03 18:26:00+00:00,8168.565217391304,1301528521752354816,235.0
2020-09-03 18:27:00+00:00,8182.0,1301528521752354816,236.0
2020-09-03 18:28:00+00:00,8192.333333333334,1301528521752354816,237.0
2020-09-03 18:29:00+00:00,8206.3125,1301528521752354816,238.0
2020-09-03 18:30:00+00:00,8227.727272727272,1301528521752354816,239.0
2020-09-03 18:31:00+00:00,8250.8,1301528521752354816,240.0
2020-09-03 18:32:00+00:00,5511.0,1301528521752354816,241.0
2020-09-03 18:33:00+00:00,0.0,1301528521752354816,242.0
2020-09-03 18:34:00+00:00,0.0,1301528521752354816,243.0
2020-09-03 18:35:00+00:00,0.0,1301528521752354816,244.0
2020-09-03 18:36:00+00:00,0.0,1301528521752354816,245.0
2020-09-03 18:37:00+00:00,0.0,1301528521752354816,246.0
2020-09-03 18:38:00+00:00,0.0,1301528521752354816,247.0
2020-09-03 18:39:00+00:00,0.0,1301528521752354816,248.0
2020-09-03 18:40:00+00:00,0.0,1301528521752354816,249.0
2020-09-03 18:41:00+00:00,0.0,1301528521752354816,250.0
2020-09-03 18:42:00+00:00,0.0,1301528521752354816,251.0
2020-09-03 18:43:00+00:00,0.0,1301528521752354816,252.0
2020-09-03 18:44:00+00:00,0.0,1301528521752354816,253.0
2020-09-03 18:45:00+00:00,0.0,1301528521752354816,254.0
2020-09-03 18:46:00+00:00,0.0,1301528521752354816,255.0
2020-09-03 18:47:00+00:00,0.0,1301528521752354816,256.0
2020-09-03 18:48:00+00:00,0.0,1301528521752354816,257.0
2020-09-03 18:49:00+00:00,0.0,1301528521752354816,258.0
2020-09-03 18:50:00+00:00,0.0,1301528521752354816,259.0
2020-09-03 18:51:00+00:00,0.0,1301528521752354816,260.0
2020-09-03 18:52:00+00:00,0.0,1301528521752354816,261.0
2020-09-03 18:53:00+00:00,0.0,1301528521752354816,262.0
2020-09-03 18:54:00+00:00,0.0,1301528521752354816,263.0
2020-09-03 18:55:00+00:00,0.0,1301528521752354816,264.0
2020-09-03 18:56:00+00:00,0.0,1301528521752354816,265.0
2020-09-03 18:57:00+00:00,0.0,1301528521752354816,266.0
2020-09-03 18:58:00+00:00,0.0,1301528521752354816,267.0
2020-09-03 18:59:00+00:00,0.0,1301528521752354816,268.0
2020-09-03 19:00:00+00:00,0.0,1301528521752354816,269.0
2020-09-03 19:01:00+00:00,0.0,1301528521752354816,270.0
2020-09-03 19:02:00+00:00,0.0,1301528521752354816,271.0
2020-09-03 19:03:00+00:00,0.0,1301528521752354816,272.0
2020-09-03 19:04:00+00:00,0.0,1301528521752354816,273.0
2020-09-03 19:05:00+00:00,0.0,1301528521752354816,274.0
2020-09-03 19:06:00+00:00,0.0,1301528521752354816,275.0
2020-09-03 19:07:00+00:00,0.0,1301528521752354816,276.0
2020-09-03 19:08:00+00:00,0.0,1301528521752354816,277.0
2020-09-03 19:09:00+00:00,0.0,1301528521752354816,278.0
2020-09-03 19:10:00+00:00,0.0,1301528521752354816,279.0
2020-09-03 19:11:00+00:00,0.0,1301528521752354816,280.0
2020-09-03 19:12:00+00:00,0.0,1301528521752354816,281.0
2020-09-03 19:13:00+00:00,0.0,1301528521752354816,282.0
2020-09-03 19:14:00+00:00,0.0,1301528521752354816,283.0
2020-09-03 19:15:00+00:00,0.0,1301528521752354816,284.0
2020-09-03 19:16:00+00:00,0.0,1301528521752354816,285.0
2020-09-03 19:17:00+00:00,0.0,1301528521752354816,286.0
2020-09-03 19:18:00+00:00,0.0,1301528521752354816,287.0
2020-09-03 19:19:00+00:00,0.0,1301528521752354816,288.0
2020-09-03 19:20:00+00:00,0.0,1301528521752354816,289.0
2020-09-03 19:21:00+00:00,0.0,1301528521752354816,290.0
2020-09-03 19:22:00+00:00,0.0,1301528521752354816,291.0
2020-09-03 19:23:00+00:00,0.0,1301528521752354816,292.0
2020-09-03 19:24:00+00:00,0.0,1301528521752354816,293.0
2020-09-03 19:25:00+00:00,0.0,1301528521752354816,294.0
2020-09-03 19:26:00+00:00,0.0,1301528521752354816,295.0
2020-09-03 19:27:00+00:00,0.0,1301528521752354816,296.0
2020-09-03 19:28:00+00:00,0.0,1301528521752354816,297.0
2020-09-03 19:29:00+00:00,0.0,1301528521752354816,298.0
2020-09-03 19:30:00+00:00,0.0,1301528521752354816,299.0
2020-09-03 19:31:00+00:00,0.0,1301528521752354816,300.0
2020-09-03 19:32:00+00:00,0.0,1301528521752354816,301.0
2020-09-03 19:33:00+00:00,0.0,1301528521752354816,302.0
2020-09-03 19:34:00+00:00,0.0,1301528521752354816,303.0
2020-09-03 19:35:00+00:00,0.0,1301528521752354816,304.0
2020-09-03 19:36:00+00:00,0.0,1301528521752354816,305.0
2020-09-03 19:37:00+00:00,0.0,1301528521752354816,306.0
2020-09-03 19:38:00+00:00,0.0,1301528521752354816,307.0
2020-09-03 19:39:00+00:00,0.0,1301528521752354816,308.0
2020-09-03 19:40:00+00:00,0.0,1301528521752354816,309.0
2020-09-03 19:41:00+00:00,0.0,1301528521752354816,310.0
2020-09-03 19:42:00+00:00,0.0,1301528521752354816,311.0
2020-09-03 19:43:00+00:00,0.0,1301528521752354816,312.0
2020-09-03 19:44:00+00:00,0.0,1301528521752354816,313.0
2020-09-03 19:45:00+00:00,0.0,1301528521752354816,314.0
2020-09-03 19:46:00+00:00,0.0,1301528521752354816,315.0
2020-09-03 19:47:00+00:00,0.0,1301528521752354816,316.0
2020-09-03 19:48:00+00:00,0.0,1301528521752354816,317.0
2020-09-03 19:49:00+00:00,0.0,1301528521752354816,318.0
2020-09-03 19:50:00+00:00,0.0,1301528521752354816,319.0
2020-09-03 19:51:00+00:00,0.0,1301528521752354816,320.0
2020-09-03 19:52:00+00:00,0.0,1301528521752354816,321.0
2020-09-03 19:53:00+00:00,0.0,1301528521752354816,322.0
2020-09-03 19:54:00+00:00,0.0,1301528521752354816,323.0
2020-09-03 19:55:00+00:00,0.0,1301528521752354816,324.0
2020-09-03 19:56:00+00:00,0.0,1301528521752354816,325.0
2020-09-03 19:57:00+00:00,0.0,1301528521752354816,326.0
2020-09-03 19:58:00+00:00,0.0,1301528521752354816,327.0
2020-09-03 19:59:00+00:00,0.0,1301528521752354816,328.0
2020-09-03 20:00:00+00:00,0.0,1301528521752354816,329.0
2020-09-03 20:01:00+00:00,0.0,1301528521752354816,330.0
2020-09-03 20:02:00+00:00,0.0,1301528521752354816,331.0
2020-09-03 20:03:00+00:00,0.0,1301528521752354816,332.0
2020-09-03 20:04:00+00:00,0.0,1301528521752354816,333.0
2020-09-03 20:05:00+00:00,0.0,1301528521752354816,334.0
2020-09-03 20:06:00+00:00,0.0,1301528521752354816,335.0
2020-09-03 20:07:00+00:00,0.0,1301528521752354816,336.0
2020-09-03 20:08:00+00:00,0.0,1301528521752354816,337.0
2020-09-03 20:09:00+00:00,0.0,1301528521752354816,338.0
2020-09-03 20:10:00+00:00,0.0,1301528521752354816,339.0
2020-09-03 20:11:00+00:00,0.0,1301528521752354816,340.0
2020-09-03 20:12:00+00:00,0.0,1301528521752354816,341.0
2020-09-03 20:13:00+00:00,0.0,1301528521752354816,342.0
2020-09-03 20:14:00+00:00,0.0,1301528521752354816,343.0
2020-09-03 20:15:00+00:00,0.0,1301528521752354816,344.0
2020-09-03 20:16:00+00:00,0.0,1301528521752354816,345.0
2020-09-03 20:17:00+00:00,0.0,1301528521752354816,346.0
2020-09-03 20:18:00+00:00,0.0,1301528521752354816,347.0
2020-09-03 20:19:00+00:00,0.0,1301528521752354816,348.0
2020-09-03 20:20:00+00:00,0.0,1301528521752354816,349.0
2020-09-03 20:21:00+00:00,0.0,1301528521752354816,350.0
2020-09-03 20:22:00+00:00,0.0,1301528521752354816,351.0
2020-09-03 20:23:00+00:00,0.0,1301528521752354816,352.0
2020-09-03 20:24:00+00:00,0.0,1301528521752354816,353.0
2020-09-03 20:25:00+00:00,0.0,1301528521752354816,354.0
2020-09-03 20:26:00+00:00,0.0,1301528521752354816,355.0
2020-09-03 20:27:00+00:00,0.0,1301528521752354816,356.0
2020-09-03 20:28:00+00:00,0.0,1301528521752354816,357.0
2020-09-03 20:29:00+00:00,0.0,1301528521752354816,358.0
2020-09-03 20:30:00+00:00,0.0,1301528521752354816,359.0
2020-09-03 20:31:00+00:00,0.0,1301528521752354816,360.0
2020-09-03 20:32:00+00:00,0.0,1301528521752354816,361.0
2020-09-03 20:33:00+00:00,0.0,1301528521752354816,362.0
2020-09-03 20:34:00+00:00,0.0,1301528521752354816,363.0
2020-09-03 20:35:00+00:00,0.0,1301528521752354816,364.0
2020-09-03 20:36:00+00:00,0.0,1301528521752354816,365.0
2020-09-03 20:37:00+00:00,0.0,1301528521752354816,366.0
2020-09-03 20:38:00+00:00,0.0,1301528521752354816,367.0
2020-09-03 20:39:00+00:00,0.0,1301528521752354816,368.0
2020-09-03 20:40:00+00:00,0.0,1301528521752354816,369.0
2020-09-03 20:41:00+00:00,0.0,1301528521752354816,370.0
2020-09-03 20:42:00+00:00,0.0,1301528521752354816,371.0
2020-09-03 20:43:00+00:00,0.0,1301528521752354816,372.0
2020-09-03 20:44:00+00:00,0.0,1301528521752354816,373.0
2020-09-03 20:45:00+00:00,0.0,1301528521752354816,374.0
2020-09-03 20:46:00+00:00,0.0,1301528521752354816,375.0
2020-09-03 20:47:00+00:00,0.0,1301528521752354816,376.0
2020-09-03 20:48:00+00:00,0.0,1301528521752354816,377.0
2020-09-03 20:50:00+00:00,0.0,1301528521752354816,378.0
2020-09-03 20:51:00+00:00,0.0,1301528521752354816,379.0
2020-09-03 20:52:00+00:00,0.0,1301528521752354816,380.0
2020-09-03 20:53:00+00:00,0.0,1301528521752354816,381.0
2020-09-03 20:54:00+00:00,0.0,1301528521752354816,382.0
2020-09-03 20:55:00+00:00,0.0,1301528521752354816,383.0
2020-09-03 20:56:00+00:00,0.0,1301528521752354816,384.0
2020-09-03 20:57:00+00:00,0.0,1301528521752354816,385.0
2020-09-03 20:58:00+00:00,0.0,1301528521752354816,386.0
2020-09-03 20:59:00+00:00,0.0,1301528521752354816,387.0
2020-09-03 21:00:00+00:00,0.0,1301528521752354816,388.0
2020-09-03 21:01:00+00:00,0.0,1301528521752354816,389.0
2020-09-03 21:04:00+00:00,0.0,1301528521752354816,390.0
2020-09-12 13:10:00+00:00,5.2727272727272725,1304769412759724033,1.0
2020-09-12 13:11:00+00:00,204.01201923076923,1304769412759724033,2.0
2020-09-12 13:12:00+00:00,614.6560693641618,1304769412759724033,3.0
2020-09-12 13:13:00+00:00,952.5598591549295,1304769412759724033,4.0
2020-09-12 13:14:00+00:00,1234.0702479338843,1304769412759724033,5.0
2020-09-12 13:15:00+00:00,1487.8333333333333,1304769412759724033,6.0
2020-09-12 13:16:00+00:00,1725.375,1304769412759724033,7.0
2020-09-12 13:17:00+00:00,1938.1271676300578,1304769412759724033,8.0
2020-09-12 13:18:00+00:00,2117.9277108433735,1304769412759724033,9.0
2020-09-12 13:19:00+00:00,2318.0366972477063,1304769412759724033,10.0
2020-09-12 13:20:00+00:00,2541.5495049504952,1304769412759724033,11.0
2020-09-12 13:21:00+00:00,2747.1833333333334,1304769412759724033,12.0
2020-09-12 13:22:00+00:00,2938.4127906976746,1304769412759724033,13.0
2020-09-12 13:23:00+00:00,3118.1518987341774,1304769412759724033,14.0
2020-09-12 13:24:00+00:00,3281.0882352941176,1304769412759724033,15.0
2020-09-12 13:25:00+00:00,3448.497175141243,1304769412759724033,16.0
2020-09-12 13:26:00+00:00,3609.265625,1304769412759724033,17.0
2020-09-12 13:27:00+00:00,3748.964285714286,1304769412759724033,18.0
2020-09-12 13:28:00+00:00,3889.0,1304769412759724033,19.0
2020-09-12 13:29:00+00:00,4034.457746478873,1304769412759724033,20.0
2020-09-12 13:30:00+00:00,4179.5546875,1304769412759724033,21.0
2020-09-12 13:31:00+00:00,4333.2307692307695,1304769412759724033,22.0
2020-09-12 13:32:00+00:00,4484.333333333333,1304769412759724033,23.0
2020-09-12 13:33:00+00:00,4618.572649572649,1304769412759724033,24.0
2020-09-12 13:34:00+00:00,4756.486486486487,1304769412759724033,25.0
2020-09-12 13:35:00+00:00,4905.507462686567,1304769412759724033,26.0
2020-09-12 13:36:00+00:00,5046.368421052632,1304769412759724033,27.0
2020-09-12 13:37:00+00:00,5182.3387096774195,1304769412759724033,28.0
2020-09-12 13:38:00+00:00,5313.830645161291,1304769412759724033,29.0
2020-09-12 13:39:00+00:00,5450.136363636364,1304769412759724033,30.0
2020-09-12 13:40:00+00:00,5590.614814814815,1304769412759724033,31.0
2020-09-12 13:41:00+00:00,5733.721428571429,1304769412759724033,32.0
2020-09-12 13:42:00+00:00,5879.93984962406,1304769412759724033,33.0
2020-09-12 13:43:00+00:00,6014.537190082645,1304769412759724033,34.0
2020-09-12 13:44:00+00:00,6145.357723577235,1304769412759724033,35.0
2020-09-12 13:45:00+00:00,6284.328358208955,1304769412759724033,36.0
2020-09-12 13:46:00+00:00,6414.981981981982,1304769412759724033,37.0
2020-09-12 13:47:00+00:00,6544.474074074074,1304769412759724033,38.0
2020-09-12 13:48:00+00:00,6681.525862068966,1304769412759724033,39.0
2020-09-12 13:49:00+00:00,6806.880341880342,1304769412759724033,40.0
2020-09-12 13:50:00+00:00,6924.419047619048,1304769412759724033,41.0
2020-09-12 13:51:00+00:00,7043.016260162602,1304769412759724033,42.0
2020-09-12 13:52:00+00:00,7173.330708661418,1304769412759724033,43.0
2020-09-12 13:53:00+00:00,7296.34693877551,1304769412759724033,44.0
2020-09-12 13:54:00+00:00,7401.182795698925,1304769412759724033,45.0
2020-09-12 13:55:00+00:00,7499.6,1304769412759724033,46.0
2020-09-12 13:56:00+00:00,7603.037735849057,1304769412759724033,47.0
2020-09-12 13:57:00+00:00,7708.0,1304769412759724033,48.0
2020-09-12 13:58:00+00:00,7811.5462962962965,1304769412759724033,49.0
2020-09-12 13:59:00+00:00,7925.634782608696,1304769412759724033,50.0
2020-09-12 14:00:00+00:00,8049.943396226415,1304769412759724033,51.0
2020-09-12 14:01:00+00:00,8160.0,1304769412759724033,52.0
2020-09-12 14:02:00+00:00,8279.01724137931,1304769412759724033,53.0
2020-09-12 14:03:00+00:00,8388.21,1304769412759724033,54.0
2020-09-12 14:04:00+00:00,8495.365384615385,1304769412759724033,55.0
2020-09-12 14:05:00+00:00,8610.798245614034,1304769412759724033,56.0
2020-09-12 14:06:00+00:00,8729.345454545455,1304769412759724033,57.0
2020-09-12 14:07:00+00:00,8840.168421052631,1304769412759724033,58.0
2020-09-12 14:08:00+00:00,8944.640776699029,1304769412759724033,59.0
2020-09-12 14:09:00+00:00,9049.65306122449,1304769412759724033,60.0
2020-09-12 14:10:00+00:00,9161.59223300971,1304769412759724033,61.0
2020-09-12 14:11:00+00:00,9271.47619047619,1304769412759724033,62.0
2020-09-12 14:12:00+00:00,9384.209090909091,1304769412759724033,63.0
2020-09-12 14:13:00+00:00,9489.979166666666,1304769412759724033,64.0
2020-09-12 14:14:00+00:00,9590.150537634408,1304769412759724033,65.0
2020-09-12 14:15:00+00:00,9692.0,1304769412759724033,66.0
2020-09-12 14:16:00+00:00,9792.10752688172,1304769412759724033,67.0
2020-09-12 14:17:00+00:00,9889.79569892473,1304769412759724033,68.0
2020-09-12 14:18:00+00:00,9990.563218390804,1304769412759724033,69.0
2020-09-12 14:19:00+00:00,10093.411764705883,1304769412759724033,70.0
2020-09-12 14:20:00+00:00,10187.057971014492,1304769412759724033,71.0
2020-09-12 14:21:00+00:00,10273.117021276596,1304769412759724033,72.0
2020-09-12 14:22:00+00:00,10370.362637362638,1304769412759724033,73.0
2020-09-12 14:23:00+00:00,10474.190476190477,1304769412759724033,74.0
2020-09-12 14:24:00+00:00,10582.626168224298,1304769412759724033,75.0
2020-09-12 14:25:00+00:00,10688.537634408602,1304769412759724033,76.0
2020-09-12 14:26:00+00:00,10789.495145631068,1304769412759724033,77.0
2020-09-12 14:27:00+00:00,10891.593023255815,1304769412759724033,78.0
2020-09-12 14:28:00+00:00,10981.07142857143,1304769412759724033,79.0
2020-09-12 14:29:00+00:00,11076.357142857143,1304769412759724033,80.0
2020-09-12 14:30:00+00:00,11178.010638297872,1304769412759724033,81.0
2020-09-12 14:31:00+00:00,11280.732142857143,1304769412759724033,82.0
2020-09-12 14:32:00+00:00,11382.101123595505,1304769412759724033,83.0
2020-09-12 14:33:00+00:00,11477.589473684211,1304769412759724033,84.0
2020-09-12 14:34:00+00:00,11573.0,1304769412759724033,85.0
2020-09-12 14:35:00+00:00,11660.30588235294,1304769412759724033,86.0
2020-09-12 14:36:00+00:00,11746.303797468354,1304769412759724033,87.0
2020-09-12 14:37:00+00:00,11831.168674698794,1304769412759724033,88.0
2020-09-12 14:38:00+00:00,11925.548387096775,1304769412759724033,89.0
2020-09-12 14:39:00+00:00,12016.386666666667,1304769412759724033,90.0
2020-09-12 14:40:00+00:00,12101.24,1304769412759724033,91.0
2020-09-12 14:41:00+00:00,12187.719512195123,1304769412759724033,92.0
2020-09-12 14:42:00+00:00,12273.67857142857,1304769412759724033,93.0
2020-09-12 14:43:00+00:00,12363.207792207791,1304769412759724033,94.0
2020-09-12 14:44:00+00:00,9852.77922077922,1304769412759724033,95.0
2020-09-12 14:45:00+00:00,0.0,1304769412759724033,96.0
2020-09-12 14:46:00+00:00,0.0,1304769412759724033,97.0
2020-09-12 14:47:00+00:00,0.0,1304769412759724033,98.0
2020-09-12 14:48:00+00:00,0.0,1304769412759724033,99.0
2020-09-12 14:49:00+00:00,0.0,1304769412759724033,100.0
2020-09-12 14:50:00+00:00,0.0,1304769412759724033,101.0
2020-09-12 14:51:00+00:00,0.0,1304769412759724033,102.0
2020-09-12 14:52:00+00:00,0.0,1304769412759724033,103.0
2020-09-12 14:53:00+00:00,0.0,1304769412759724033,104.0
2020-09-12 14:54:00+00:00,0.0,1304769412759724033,105.0
2020-09-12 14:55:00+00:00,0.0,1304769412759724033,106.0
2020-09-12 14:56:00+00:00,0.0,1304769412759724033,107.0
2020-09-12 14:57:00+00:00,0.0,1304769412759724033,108.0
2020-09-12 14:58:00+00:00,0.0,1304769412759724033,109.0
2020-09-12 14:59:00+00:00,0.0,1304769412759724033,110.0
2020-09-12 15:00:00+00:00,0.0,1304769412759724033,111.0
2020-09-12 15:01:00+00:00,0.0,1304769412759724033,112.0
2020-09-12 15:02:00+00:00,0.0,1304769412759724033,113.0
2020-09-12 15:03:00+00:00,0.0,1304769412759724033,114.0
2020-09-12 15:04:00+00:00,0.0,1304769412759724033,115.0
2020-09-12 15:05:00+00:00,0.0,1304769412759724033,116.0
2020-09-12 15:06:00+00:00,0.0,1304769412759724033,117.0
2020-09-12 15:07:00+00:00,0.0,1304769412759724033,118.0
2020-09-12 15:08:00+00:00,0.0,1304769412759724033,119.0
2020-09-12 15:09:00+00:00,0.0,1304769412759724033,120.0
2020-09-12 15:10:00+00:00,0.0,1304769412759724033,121.0
2020-09-12 15:11:00+00:00,0.0,1304769412759724033,122.0
2020-09-12 15:12:00+00:00,0.0,1304769412759724033,123.0
2020-09-12 15:13:00+00:00,0.0,1304769412759724033,124.0
2020-09-12 15:14:00+00:00,0.0,1304769412759724033,125.0
2020-09-12 15:15:00+00:00,0.0,1304769412759724033,126.0
2020-09-12 15:16:00+00:00,0.0,1304769412759724033,127.0
2020-09-12 15:17:00+00:00,0.0,1304769412759724033,128.0
2020-09-12 15:18:00+00:00,0.0,1304769412759724033,129.0
2020-09-12 15:19:00+00:00,0.0,1304769412759724033,130.0
2020-09-12 15:20:00+00:00,0.0,1304769412759724033,131.0
2020-09-12 15:21:00+00:00,0.0,1304769412759724033,132.0
2020-09-12 15:22:00+00:00,0.0,1304769412759724033,133.0
2020-09-12 15:23:00+00:00,0.0,1304769412759724033,134.0
2020-09-12 15:24:00+00:00,0.0,1304769412759724033,135.0
2020-09-12 15:25:00+00:00,0.0,1304769412759724033,136.0
2020-09-12 15:26:00+00:00,0.0,1304769412759724033,137.0
2020-09-12 15:27:00+00:00,0.0,1304769412759724033,138.0
2020-09-12 15:28:00+00:00,0.0,1304769412759724033,139.0
2020-11-04 15:04:00+00:00,450.9014514896868,1324004491612618752,1.0
2020-11-04 15:05:00+00:00,3601.1485969387754,1324004491612618752,2.0
2020-11-04 15:06:00+00:00,8138.34780952381,1324004491612618752,3.0
2020-11-04 15:07:00+00:00,11993.052376760563,1324004491612618752,4.0
2020-11-04 15:08:00+00:00,15402.53738783649,1324004491612618752,5.0
2020-11-04 15:09:00+00:00,18422.51050539466,1324004491612618752,6.0
2020-11-04 15:10:00+00:00,21095.693704600486,1324004491612618752,7.0
2020-11-04 15:11:00+00:00,23688.465798045603,1324004491612618752,8.0
2020-11-04 15:12:00+00:00,25989.680652680654,1324004491612618752,9.0
2020-11-04 15:13:00+00:00,28134.92641046607,1324004491612618752,10.0
2020-11-04 15:14:00+00:00,30184.326649958228,1324004491612618752,11.0
2020-11-04 15:15:00+00:00,32124.11159929701,1324004491612618752,12.0
2020-11-04 15:16:00+00:00,34002.58541266795,1324004491612618752,13.0
2020-11-04 15:17:00+00:00,35858.54324894515,1324004491612618752,14.0
2020-11-04 15:18:00+00:00,37732.619047619046,1324004491612618752,15.0
2020-11-04 15:19:00+00:00,39246.45821325648,1324004491612618752,16.0
2020-11-04 15:20:00+00:00,40755.68599033816,1324004491612618752,17.0
2020-11-04 15:21:00+00:00,42141.30964467005,1324004491612618752,18.0
2020-11-04 15:22:00+00:00,43377.7230273752,1324004491612618752,19.0
2020-11-04 15:23:00+00:00,44614.05299145299,1324004491612618752,20.0
2020-11-04 15:24:00+00:00,45708.27797202797,1324004491612618752,21.0
2020-11-04 15:25:00+00:00,46762.52710280374,1324004491612618752,22.0
2020-11-04 15:26:00+00:00,47747.89387755102,1324004491612618752,23.0
2020-11-04 15:27:00+00:00,48743.96584440228,1324004491612618752,24.0
2020-11-04 15:28:00+00:00,49673.617357001975,1324004491612618752,25.0
2020-11-04 15:29:00+00:00,50588.02906976744,1324004491612618752,26.0
2020-11-04 15:30:00+00:00,51480.28927203065,1324004491612618752,27.0
2020-11-04 15:31:00+00:00,52327.58943089431,1324004491612618752,28.0
2020-11-04 15:32:00+00:00,53146.52642706131,1324004491612618752,29.0
2020-11-04 15:33:00+00:00,53953.28180039139,1324004491612618752,30.0
2020-11-04 15:34:00+00:00,53629.84426229508,1324004491612618752,31.0
2020-11-05 16:22:00+00:00,6.72,1324386685858287616,1.0
2020-11-05 16:23:00+00:00,1260.556576402321,1324386685858287616,2.0
2020-11-05 16:24:00+00:00,4942.568149882904,1324386685858287616,3.0
2020-11-05 16:25:00+00:00,8113.105652403592,1324386685858287616,4.0
2020-11-05 16:26:00+00:00,10864.879420289855,1324386685858287616,5.0
2020-11-05 16:27:00+00:00,13361.863769817968,1324386685858287616,6.0
2020-11-05 16:28:00+00:00,15627.479861111111,1324386685858287616,7.0
2020-11-05 16:29:00+00:00,17676.726119402985,1324386685858287616,8.0
2020-11-05 16:30:00+00:00,19550.092145015107,1324386685858287616,9.0
2020-11-05 16:31:00+00:00,21322.370866141733,1324386685858287616,10.0
2020-11-05 16:32:00+00:00,22987.376327769347,1324386685858287616,11.0
2020-11-05 16:33:00+00:00,24535.86649659864,1324386685858287616,12.0
2020-11-05 16:34:00+00:00,26011.232361241768,1324386685858287616,13.0
2020-11-05 16:35:00+00:00,27369.198924731183,1324386685858287616,14.0
2020-11-05 16:36:00+00:00,28728.68132854578,1324386685858287616,15.0
2020-11-05 16:37:00+00:00,30019.134355275022,1324386685858287616,16.0
2020-11-05 16:38:00+00:00,31279.681904761906,1324386685858287616,17.0
2020-11-05 16:39:00+00:00,32448.174929840974,1324386685858287616,18.0
2020-11-05 16:40:00+00:00,33543.26231263383,1324386685858287616,19.0
2020-11-05 16:41:00+00:00,34579.76807228916,1324386685858287616,20.0
2020-11-05 16:42:00+00:00,35580.10597519729,1324386685858287616,21.0
2020-11-05 16:43:00+00:00,35532.377094972064,1324386685858287616,22.0
2020-11-06 07:22:00+00:00,8.85,1324613181466173440,1.0
2020-11-06 07:23:00+00:00,533.936715766503,1324613181466173440,2.0
2020-11-06 07:24:00+00:00,1899.354609929078,1324613181466173440,3.0
2020-11-06 07:25:00+00:00,3115.385135135135,1324613181466173440,4.0
2020-11-06 07:26:00+00:00,4083.8422174840084,1324613181466173440,5.0
2020-11-06 07:27:00+00:00,4941.7312312312315,1324613181466173440,6.0
2020-11-06 07:28:00+00:00,5700.688948306595,1324613181466173440,7.0
2020-11-06 07:29:00+00:00,6377.5625,1324613181466173440,8.0
2020-11-06 07:30:00+00:00,6996.901273885351,1324613181466173440,9.0
2020-11-06 07:31:00+00:00,7560.657638136511,1324613181466173440,10.0
2020-11-06 07:32:00+00:00,8099.310033821872,1324613181466173440,11.0
2020-11-06 07:33:00+00:00,8615.345498783456,1324613181466173440,12.0
2020-11-06 07:34:00+00:00,9101.886150234743,1324613181466173440,13.0
2020-11-06 07:35:00+00:00,9587.725513905683,1324613181466173440,14.0
2020-11-06 07:36:00+00:00,10052.951315789474,1324613181466173440,15.0
2020-11-06 07:37:00+00:00,10490.249336870027,1324613181466173440,16.0
2020-11-06 07:38:00+00:00,10901.576470588236,1324613181466173440,17.0
2020-11-06 07:39:00+00:00,11292.792792792792,1324613181466173440,18.0
2020-11-06 07:40:00+00:00,11677.435364041605,1324613181466173440,19.0
2020-11-06 07:41:00+00:00,12050.651632970452,1324613181466173440,20.0
2020-11-06 07:42:00+00:00,12414.060897435897,1324613181466173440,21.0
2020-11-06 07:43:00+00:00,12756.1968,1324613181466173440,22.0
2020-11-06 07:44:00+00:00,13100.57525083612,1324613181466173440,23.0
2020-11-06 07:45:00+00:00,13408.648076923077,1324613181466173440,24.0
2020-11-06 07:46:00+00:00,13724.696864111498,1324613181466173440,25.0
2020-11-06 07:47:00+00:00,14061.418181818182,1324613181466173440,26.0
2020-11-06 07:48:00+00:00,14387.390977443609,1324613181466173440,27.0
2020-11-06 07:49:00+00:00,14691.091954022988,1324613181466173440,28.0
2020-11-06 07:50:00+00:00,14978.706796116505,1324613181466173440,29.0
2020-11-06 07:51:00+00:00,15256.712359550562,1324613181466173440,30.0
2020-11-06 07:52:00+00:00,15514.266112266112,1324613181466173440,31.0
2020-11-06 07:53:00+00:00,15777.246346555323,1324613181466173440,32.0
2020-11-06 07:54:00+00:00,16034.919282511211,1324613181466173440,33.0
2020-11-06 07:55:00+00:00,8744.65322580645,1324613181466173440,34.0
2020-11-07 13:28:00+00:00,236.5526066350711,1325067488695099397,1.0
2020-11-07 13:29:00+00:00,1289.6852312282447,1325067488695099397,2.0
2020-11-07 13:30:00+00:00,2375.2744360902257,1325067488695099397,3.0
2020-11-07 13:31:00+00:00,3135.8571428571427,1325067488695099397,4.0
2020-11-07 13:32:00+00:00,3822.409183673469,1325067488695099397,5.0
2020-11-07 13:33:00+00:00,4400.796626984127,1325067488695099397,6.0
2020-11-07 13:34:00+00:00,4963.503480278422,1325067488695099397,7.0
2020-11-07 13:35:00+00:00,5447.69708994709,1325067488695099397,8.0
2020-11-07 13:36:00+00:00,5872.580229226361,1325067488695099397,9.0
2020-11-07 13:37:00+00:00,6295.230876216968,1325067488695099397,10.0
2020-11-07 13:38:00+00:00,6687.33655394525,1325067488695099397,11.0
2020-11-07 13:39:00+00:00,7053.5492063492065,1325067488695099397,12.0
2020-11-07 13:40:00+00:00,7419.276271186441,1325067488695099397,13.0
2020-11-07 13:41:00+00:00,7766.050847457627,1325067488695099397,14.0
2020-11-07 13:42:00+00:00,8085.585551330799,1325067488695099397,15.0
2020-11-07 13:43:00+00:00,8378.616803278688,1325067488695099397,16.0
2020-11-07 13:44:00+00:00,8658.68431771894,1325067488695099397,17.0
2020-11-07 13:45:00+00:00,8942.637274549099,1325067488695099397,18.0
2020-11-07 13:46:00+00:00,9227.962962962964,1325067488695099397,19.0
2020-11-07 13:47:00+00:00,9496.84412470024,1325067488695099397,20.0
2020-11-07 13:48:00+00:00,9764.53376906318,1325067488695099397,21.0
2020-11-07 13:49:00+00:00,10023.74882629108,1325067488695099397,22.0
2020-11-07 13:50:00+00:00,10279.772916666667,1325067488695099397,23.0
2020-11-07 13:51:00+00:00,10537.899141630902,1325067488695099397,24.0
2020-11-07 13:52:00+00:00,10771.051212938006,1325067488695099397,25.0
2020-11-07 13:53:00+00:00,10994.935483870968,1325067488695099397,26.0
2020-11-07 13:54:00+00:00,11224.52427184466,1325067488695099397,27.0
2020-11-07 13:55:00+00:00,11467.07769423559,1325067488695099397,28.0
2020-11-07 13:56:00+00:00,11698.902843601896,1325067488695099397,29.0
2020-11-07 13:57:00+00:00,11928.79365079365,1325067488695099397,30.0
2020-11-07 13:58:00+00:00,12131.40350877193,1325067488695099397,31.0
